<?xml version = '1.0' encoding = 'UTF-8'?>
<relationalModel class="oracle.dbtools.crest.model.design.relational.RelationalDesign" name="Relational_1" id="03696618-E499-BF11-770B-F3BBD532FF34" mainViewID="543A3409-9F76-1669-65FD-9749485772F1">
<createdBy>logonrmlocal</createdBy>
<createdTime>2022-04-01 14:31:26 UTC</createdTime>
<ownerDesignName>atividade alunos livros</ownerDesignName>
<shouldBeOpen>false</shouldBeOpen>
<selectedRDBMSSite>32076570-2523-435C-2E92-BF29817DFF70</selectedRDBMSSite>
</relationalModel>