<?xml version = '1.0' encoding = 'UTF-8'?>
<Relation class="oracle.dbtools.crest.model.design.logical.Relation" name="Relation_1" directorySegmentName="seg_0" id="E1D15017-B5F7-8F2A-6EF7-85AD966562C3">
<createdBy>logonrmlocal</createdBy>
<createdTime>2022-04-01 14:38:50 UTC</createdTime>
<ownerDesignName>atividade alunos livros</ownerDesignName>
<engineerTo>
<item key="03696618-E499-BF11-770B-F3BBD532FF34" value="true"/>
</engineerTo>
<sourcePk>032E6F15-B8C0-5FEF-E682-3C1BAA5A913A</sourcePk>
<targetPk>DCD71BD8-0AA1-39DD-27D3-6DBFDC8F2F47</targetPk>
<identifying>false</identifying>
<optionalSource>true</optionalSource>
<optionalTarget>false</optionalTarget>
<sourceCardinality>*</sourceCardinality>
<sourceEntity>8E5EAEC5-34A8-5D77-CE38-F66DD633A558</sourceEntity>
<targetCardinalityString>1</targetCardinalityString>
<targetEntity>F6FE8F35-1E97-47CF-680D-96CFFDC154DC</targetEntity>
<transferable>true</transferable>
<deleteRule>NO ACTION</deleteRule>
</Relation>