<?xml version = '1.0' encoding = 'UTF-8'?>
<Entity class="oracle.dbtools.crest.model.design.logical.Entity" directorySegmentName="seg_0" id="8E5EAEC5-34A8-5D77-CE38-F66DD633A558" name="AUTORES">
<createdBy>logonrmlocal</createdBy>
<createdTime>2022-04-01 14:37:33 UTC</createdTime>
<ownerDesignName>atividade alunos livros</ownerDesignName>
<engineerTo>
<item key="03696618-E499-BF11-770B-F3BBD532FF34" value="true"/>
</engineerTo>
<adequatelyNormalized>NO</adequatelyNormalized>
<expectedVolumes>0</expectedVolumes>
<fwdEngineeringStrategyName>Single Table</fwdEngineeringStrategyName>
<growthPercent>0</growthPercent>
<growthType>Year</growthType>
<maxVolumes>9999999</maxVolumes>
<minVolumes>0</minVolumes>
<normalForm>Third</normalForm>
<attributes itemClass="oracle.dbtools.crest.model.design.logical.Attribute">
<Attribute name="cod_autor" id="219F0447-2207-E4F3-1337-DC0D2244A1F3">
<createdBy>logonrmlocal</createdBy>
<createdTime>2022-04-01 14:37:43 UTC</createdTime>
<ownerDesignName>atividade alunos livros</ownerDesignName>
<engineerTo>
<item key="03696618-E499-BF11-770B-F3BBD532FF34" value="true"/>
</engineerTo>
<use>0</use>
<ownDataTypeParameters>,,</ownDataTypeParameters>
</Attribute>
<Attribute name="nome" id="6E14FF2E-C65D-D764-D77E-995C0246DFE8">
<createdBy>logonrmlocal</createdBy>
<createdTime>2022-04-01 14:37:55 UTC</createdTime>
<ownerDesignName>atividade alunos livros</ownerDesignName>
<engineerTo>
<item key="03696618-E499-BF11-770B-F3BBD532FF34" value="true"/>
</engineerTo>
<use>0</use>
<ownDataTypeParameters>,,</ownDataTypeParameters>
</Attribute>
<Attribute name="cod_livros" id="08F3CDED-E8D8-53B6-2A1E-00A08131DB2E">
<createdBy>logonrmlocal</createdBy>
<createdTime>2022-04-01 14:39:08 UTC</createdTime>
<generatorID>E1D15017-B5F7-8F2A-6EF7-85AD966562C3</generatorID>
<ownerDesignName>atividade alunos livros</ownerDesignName>
<engineerTo>
<item key="03696618-E499-BF11-770B-F3BBD532FF34" value="true"/>
</engineerTo>
<nullsAllowed>true</nullsAllowed>
<referedAttribute>855859D5-20ED-AEBA-4FF2-A03C4905BB4E</referedAttribute>
<use>0</use>
<ownDataTypeParameters>,,</ownDataTypeParameters>
</Attribute>
</attributes>
<identifiers itemClass="oracle.dbtools.crest.model.design.logical.CandidateKey">
<identifier id="032E6F15-B8C0-5FEF-E682-3C1BAA5A913A" name="AUTORES PK">
<createdBy>logonrmlocal</createdBy>
<createdTime>2022-04-01 14:37:53 UTC</createdTime>
<ownerDesignName>atividade alunos livros</ownerDesignName>
<engineerTo>
<item key="03696618-E499-BF11-770B-F3BBD532FF34" value="true"/>
</engineerTo>
<pk>true</pk>
<usedAttributes>
<attributeRef>219F0447-2207-E4F3-1337-DC0D2244A1F3</attributeRef>
</usedAttributes>
</identifier>
</identifiers>
</Entity>