<?xml version = '1.0' encoding = 'UTF-8'?>
<Entity class="oracle.dbtools.crest.model.design.logical.Entity" directorySegmentName="seg_0" id="CAE1179C-D740-E4A4-1CF6-8471A3867384" name="EMPRESTIMO">
<createdBy>logonrmlocal</createdBy>
<createdTime>2022-04-01 14:36:53 UTC</createdTime>
<ownerDesignName>atividade alunos livros</ownerDesignName>
<engineerTo>
<item key="03696618-E499-BF11-770B-F3BBD532FF34" value="true"/>
</engineerTo>
<adequatelyNormalized>NO</adequatelyNormalized>
<expectedVolumes>0</expectedVolumes>
<fwdEngineeringStrategyName>Single Table</fwdEngineeringStrategyName>
<growthPercent>0</growthPercent>
<growthType>Year</growthType>
<maxVolumes>9999999</maxVolumes>
<minVolumes>0</minVolumes>
<normalForm>Third</normalForm>
</Entity>