<?xml version = '1.0' encoding = 'UTF-8'?>
<Entity class="oracle.dbtools.crest.model.design.logical.Entity" directorySegmentName="seg_0" id="F052E02D-21A5-B24A-7B4C-0652409B12E9" name="ALUNOS">
<createdBy>logonrmlocal</createdBy>
<createdTime>2022-04-01 14:35:42 UTC</createdTime>
<ownerDesignName>atividade alunos livros</ownerDesignName>
<engineerTo>
<item key="03696618-E499-BF11-770B-F3BBD532FF34" value="true"/>
</engineerTo>
<adequatelyNormalized>NO</adequatelyNormalized>
<expectedVolumes>0</expectedVolumes>
<fwdEngineeringStrategyName>Single Table</fwdEngineeringStrategyName>
<growthPercent>0</growthPercent>
<growthType>Year</growthType>
<maxVolumes>9999999</maxVolumes>
<minVolumes>0</minVolumes>
<normalForm>Third</normalForm>
<attributes itemClass="oracle.dbtools.crest.model.design.logical.Attribute">
<Attribute name="cod_aluno" id="E9477BCF-3775-3F96-28AF-2524273D4AFF">
<createdBy>logonrmlocal</createdBy>
<createdTime>2022-04-01 14:35:51 UTC</createdTime>
<ownerDesignName>atividade alunos livros</ownerDesignName>
<engineerTo>
<item key="03696618-E499-BF11-770B-F3BBD532FF34" value="true"/>
</engineerTo>
<use>0</use>
<ownDataTypeParameters>,,</ownDataTypeParameters>
</Attribute>
<Attribute name="nome" id="9B58FC5F-9329-A24F-D9A5-50FEC6E9494E">
<createdBy>logonrmlocal</createdBy>
<createdTime>2022-04-01 14:36:06 UTC</createdTime>
<ownerDesignName>atividade alunos livros</ownerDesignName>
<engineerTo>
<item key="03696618-E499-BF11-770B-F3BBD532FF34" value="true"/>
</engineerTo>
<use>0</use>
<ownDataTypeParameters>,,</ownDataTypeParameters>
</Attribute>
<Attribute name="sobrenome" id="30571314-B4EC-B468-26FA-09C1947391B9">
<createdBy>logonrmlocal</createdBy>
<createdTime>2022-04-01 14:36:15 UTC</createdTime>
<ownerDesignName>atividade alunos livros</ownerDesignName>
<engineerTo>
<item key="03696618-E499-BF11-770B-F3BBD532FF34" value="true"/>
</engineerTo>
<use>0</use>
<ownDataTypeParameters>,,</ownDataTypeParameters>
</Attribute>
<Attribute name="telefone" id="D4FA377A-E988-BA86-762A-24FEFB50E2A3">
<createdBy>logonrmlocal</createdBy>
<createdTime>2022-04-01 14:36:23 UTC</createdTime>
<ownerDesignName>atividade alunos livros</ownerDesignName>
<engineerTo>
<item key="03696618-E499-BF11-770B-F3BBD532FF34" value="true"/>
</engineerTo>
<use>0</use>
<ownDataTypeParameters>,,</ownDataTypeParameters>
</Attribute>
</attributes>
<identifiers itemClass="oracle.dbtools.crest.model.design.logical.CandidateKey">
<identifier id="E6478896-647F-FE8A-FA65-97085C86A8B8" name="ALUNOS PK">
<createdBy>logonrmlocal</createdBy>
<createdTime>2022-04-01 14:36:05 UTC</createdTime>
<ownerDesignName>atividade alunos livros</ownerDesignName>
<engineerTo>
<item key="03696618-E499-BF11-770B-F3BBD532FF34" value="true"/>
</engineerTo>
<pk>true</pk>
<usedAttributes>
<attributeRef>E9477BCF-3775-3F96-28AF-2524273D4AFF</attributeRef>
</usedAttributes>
</identifier>
</identifiers>
</Entity>