<?xml version = '1.0' encoding = 'UTF-8'?>
<Entity class="oracle.dbtools.crest.model.design.logical.Entity" directorySegmentName="seg_0" id="F6FE8F35-1E97-47CF-680D-96CFFDC154DC" name="LIVROS">
<createdBy>logonrmlocal</createdBy>
<createdTime>2022-04-01 14:34:20 UTC</createdTime>
<ownerDesignName>atividade alunos livros</ownerDesignName>
<engineerTo>
<item key="03696618-E499-BF11-770B-F3BBD532FF34" value="true"/>
</engineerTo>
<adequatelyNormalized>NO</adequatelyNormalized>
<expectedVolumes>0</expectedVolumes>
<fwdEngineeringStrategyName>Single Table</fwdEngineeringStrategyName>
<growthPercent>0</growthPercent>
<growthType>Year</growthType>
<maxVolumes>9999999</maxVolumes>
<minVolumes>0</minVolumes>
<normalForm>Third</normalForm>
<attributes itemClass="oracle.dbtools.crest.model.design.logical.Attribute">
<Attribute name="cod_livros" id="855859D5-20ED-AEBA-4FF2-A03C4905BB4E">
<createdBy>logonrmlocal</createdBy>
<createdTime>2022-04-01 14:34:29 UTC</createdTime>
<ownerDesignName>atividade alunos livros</ownerDesignName>
<engineerTo>
<item key="03696618-E499-BF11-770B-F3BBD532FF34" value="true"/>
</engineerTo>
<use>0</use>
<ownDataTypeParameters>,,</ownDataTypeParameters>
</Attribute>
<Attribute name="titulo" id="0B73A54B-E43D-DFC7-D6B1-B979797251EB">
<createdBy>logonrmlocal</createdBy>
<createdTime>2022-04-01 14:34:37 UTC</createdTime>
<ownerDesignName>atividade alunos livros</ownerDesignName>
<engineerTo>
<item key="03696618-E499-BF11-770B-F3BBD532FF34" value="true"/>
</engineerTo>
<use>0</use>
<ownDataTypeParameters>,,</ownDataTypeParameters>
</Attribute>
</attributes>
<identifiers itemClass="oracle.dbtools.crest.model.design.logical.CandidateKey">
<identifier id="DCD71BD8-0AA1-39DD-27D3-6DBFDC8F2F47" name="LIVROS PK">
<createdBy>logonrmlocal</createdBy>
<createdTime>2022-04-01 14:35:19 UTC</createdTime>
<ownerDesignName>atividade alunos livros</ownerDesignName>
<engineerTo>
<item key="03696618-E499-BF11-770B-F3BBD532FF34" value="true"/>
</engineerTo>
<pk>true</pk>
<usedAttributes>
<attributeRef>855859D5-20ED-AEBA-4FF2-A03C4905BB4E</attributeRef>
</usedAttributes>
</identifier>
</identifiers>
</Entity>