<?xml version = '1.0' encoding = 'UTF-8'?>
<Diagram class="oracle.dbtools.crest.swingui.logical.DPVLogical" name="Logical" id="60904B0D-5B80-661F-97CA-CD22BE7A0103">
<createdBy>logonrmlocal</createdBy>
<modifiedBy>logonrmlocal</modifiedBy>
<createdTime>2022-04-01 14:34:20 UTC</createdTime>
<autoRoute>false</autoRoute>
<boxInbox>true</boxInbox>
<showLegend>false</showLegend>
<showLabels>false</showLabels>
<showRelAttributes>false</showRelAttributes>
<gridEnabled>false</gridEnabled>
<showGrid>false</showGrid>
<diagramColor>-1</diagramColor>
<display>false</display>
<notation>1</notation>
<objectViews>
<OView class="oracle.dbtools.crest.swingui.logical.TVEntity" oid="8E5EAEC5-34A8-5D77-CE38-F66DD633A558" otype="Entity" vid="1CAA1CFC-46B1-AD89-A261-10771B064B3E">
<hideElementsInCurrentOnly>false</hideElementsInCurrentOnly>
<bounds x="29" y="167" width="105" height="54"/>
</OView>
<OView class="oracle.dbtools.crest.swingui.logical.TVEntity" oid="CAE1179C-D740-E4A4-1CF6-8471A3867384" otype="Entity" vid="59D7F973-05A6-D7C1-760F-7CDD5B795180">
<hideElementsInCurrentOnly>false</hideElementsInCurrentOnly>
<bounds x="183" y="50" width="104" height="26"/>
</OView>
<OView class="oracle.dbtools.crest.swingui.logical.TVEntity" oid="F052E02D-21A5-B24A-7B4C-0652409B12E9" otype="Entity" vid="4299A889-5F82-4374-57AF-13DD565A8661">
<hideElementsInCurrentOnly>false</hideElementsInCurrentOnly>
<bounds x="321" y="36" width="109" height="82"/>
</OView>
<OView class="oracle.dbtools.crest.swingui.logical.TVEntity" oid="F6FE8F35-1E97-47CF-680D-96CFFDC154DC" otype="Entity" vid="AE6EB2C1-8CC7-1360-5070-CEB721600B4E">
<hideElementsInCurrentOnly>false</hideElementsInCurrentOnly>
<bounds x="28" y="43" width="105" height="54"/>
</OView>
</objectViews>
<connectors>
<Connector class="oracle.dbtools.crest.swingui.logical.TVRelation" oid="E1D15017-B5F7-8F2A-6EF7-85AD966562C3" otype="Relation" vid_source="1CAA1CFC-46B1-AD89-A261-10771B064B3E" vid_target="AE6EB2C1-8CC7-1360-5070-CEB721600B4E">
<hideElementsInCurrentOnly>false</hideElementsInCurrentOnly>
<backgroundColor>-16777216</backgroundColor>
<lineWidth>1</lineWidth>
<points>
<point x="81" y="167"/>
<point x="81" y="97"/>
</points>
</Connector>
</connectors>
</Diagram>