<?xml version = '1.0' encoding = 'UTF-8'?>
<Diagram class="oracle.dbtools.crest.swingui.logical.DPVLogical" name="Logical" id="DD244559-B92A-BECF-D7CC-64610FDA93F9">
<createdBy>logonrmlocal</createdBy>
<modifiedBy>logonrmlocal</modifiedBy>
<createdTime>2022-04-01 13:36:27 UTC</createdTime>
<autoRoute>false</autoRoute>
<boxInbox>true</boxInbox>
<showLegend>false</showLegend>
<showLabels>false</showLabels>
<showRelAttributes>false</showRelAttributes>
<gridEnabled>false</gridEnabled>
<showGrid>false</showGrid>
<diagramColor>-1</diagramColor>
<display>false</display>
<notation>1</notation>
<objectViews>
<OView class="oracle.dbtools.crest.swingui.logical.TVEntity" oid="363AEC27-949D-7E97-0472-FC7F7309D68C" otype="Entity" vid="EA7AAF78-573C-0664-6238-EBB96EEF4CB8">
<hideElementsInCurrentOnly>false</hideElementsInCurrentOnly>
<bounds x="535" y="207" width="138" height="54"/>
</OView>
<OView class="oracle.dbtools.crest.swingui.logical.TVEntity" oid="5C1CBDDD-1AC5-DD5C-18E9-A2B612686CDC" otype="Entity" vid="FAFCE9CB-2FF7-FC3D-667E-2AE24D9BE4BB">
<hideElementsInCurrentOnly>false</hideElementsInCurrentOnly>
<bounds x="528" y="9" width="118" height="96"/>
</OView>
<OView class="oracle.dbtools.crest.swingui.logical.TVEntity" oid="6233E293-AB28-2E9D-DC95-3301A9880FBA" otype="Entity" vid="62E08F70-4507-4C95-9A1E-5821BC87BA4F">
<hideElementsInCurrentOnly>false</hideElementsInCurrentOnly>
<bounds x="362" y="19" width="106" height="68"/>
</OView>
<OView class="oracle.dbtools.crest.swingui.logical.TVEntity" oid="73AD2B11-DED2-ABED-301F-AA20DD29FE8E" otype="Entity" vid="E54F204F-A7A6-0F26-EC75-DE54074D7F64">
<hideElementsInCurrentOnly>false</hideElementsInCurrentOnly>
<bounds x="347" y="198" width="120" height="54"/>
</OView>
<OView class="oracle.dbtools.crest.swingui.logical.TVEntity" oid="7CBFCF44-E622-5726-C81A-33BF4CDE1AB1" otype="Entity" vid="99A6E875-45C7-E4B9-9474-13933ED0CFAE">
<hideElementsInCurrentOnly>false</hideElementsInCurrentOnly>
<bounds x="193" y="56" width="100" height="26"/>
</OView>
<OView class="oracle.dbtools.crest.swingui.logical.TVEntity" oid="F1978B03-8730-24C2-50B9-FE1454CCFDD4" otype="Entity" vid="B69A91E5-03DE-0E08-0DE7-AF2CE98F9374">
<hideElementsInCurrentOnly>false</hideElementsInCurrentOnly>
<bounds x="12" y="19" width="109" height="96"/>
</OView>
</objectViews>
<connectors>
<Connector class="oracle.dbtools.crest.swingui.logical.TVRelation" oid="5903C2A4-AFBB-D170-CB7A-C2FD494F74A0" otype="Relation" vid_source="62E08F70-4507-4C95-9A1E-5821BC87BA4F" vid_target="FAFCE9CB-2FF7-FC3D-667E-2AE24D9BE4BB">
<hideElementsInCurrentOnly>false</hideElementsInCurrentOnly>
<backgroundColor>-16777216</backgroundColor>
<lineWidth>1</lineWidth>
<points>
<point x="468" y="53"/>
<point x="528" y="53"/>
</points>
</Connector>
<Connector class="oracle.dbtools.crest.swingui.logical.TVRelation" oid="8BDC62B7-35F2-7B8C-9544-D27E863DD792" otype="Relation" vid_source="B69A91E5-03DE-0E08-0DE7-AF2CE98F9374" vid_target="99A6E875-45C7-E4B9-9474-13933ED0CFAE">
<hideElementsInCurrentOnly>false</hideElementsInCurrentOnly>
<backgroundColor>-16777216</backgroundColor>
<lineWidth>1</lineWidth>
<points>
<point x="121" y="69"/>
<point x="193" y="69"/>
</points>
</Connector>
<Connector class="oracle.dbtools.crest.swingui.logical.TVRelation" oid="E516A807-9844-3A6B-1C40-988DB701B6CC" otype="Relation" vid_source="99A6E875-45C7-E4B9-9474-13933ED0CFAE" vid_target="62E08F70-4507-4C95-9A1E-5821BC87BA4F">
<hideElementsInCurrentOnly>false</hideElementsInCurrentOnly>
<backgroundColor>-16777216</backgroundColor>
<lineWidth>1</lineWidth>
<points>
<point x="293" y="69"/>
<point x="362" y="69"/>
</points>
</Connector>
<Connector class="oracle.dbtools.crest.swingui.logical.TVRelation" oid="EDD3838B-8721-73D5-162A-B5ABB8F9B1D3" otype="Relation" vid_source="FAFCE9CB-2FF7-FC3D-667E-2AE24D9BE4BB" vid_target="EA7AAF78-573C-0664-6238-EBB96EEF4CB8">
<hideElementsInCurrentOnly>false</hideElementsInCurrentOnly>
<backgroundColor>-16777216</backgroundColor>
<lineWidth>1</lineWidth>
<points>
<point x="590" y="105"/>
<point x="590" y="207"/>
</points>
</Connector>
<Connector class="oracle.dbtools.crest.swingui.logical.TVRelation" oid="FDEDA359-D0D6-BEFC-A002-81C24A9DD2E6" otype="Relation" vid_source="62E08F70-4507-4C95-9A1E-5821BC87BA4F" vid_target="E54F204F-A7A6-0F26-EC75-DE54074D7F64">
<hideElementsInCurrentOnly>false</hideElementsInCurrentOnly>
<backgroundColor>-16777216</backgroundColor>
<lineWidth>1</lineWidth>
<points>
<point x="414" y="87"/>
<point x="414" y="198"/>
</points>
</Connector>
</connectors>
</Diagram>