<?xml version = '1.0' encoding = 'UTF-8'?>
<Relation class="oracle.dbtools.crest.model.design.logical.Relation" name="Relation_2" directorySegmentName="seg_0" id="5903C2A4-AFBB-D170-CB7A-C2FD494F74A0">
<createdBy>logonrmlocal</createdBy>
<createdTime>2022-04-01 14:12:53 UTC</createdTime>
<ownerDesignName>BD FEITO EM AULA</ownerDesignName>
<engineerTo>
<item key="82E69D62-8A45-0812-8916-E23343B92A73" value="true"/>
</engineerTo>
<identifying>false</identifying>
<optionalSource>false</optionalSource>
<optionalTarget>true</optionalTarget>
<sourceCardinality>*</sourceCardinality>
<sourceEntity>6233E293-AB28-2E9D-DC95-3301A9880FBA</sourceEntity>
<targetCardinalityString>*</targetCardinalityString>
<targetEntity>5C1CBDDD-1AC5-DD5C-18E9-A2B612686CDC</targetEntity>
<transferable>true</transferable>
<deleteRule>NO ACTION</deleteRule>
</Relation>