<?xml version = '1.0' encoding = 'UTF-8'?>
<Relation class="oracle.dbtools.crest.model.design.logical.Relation" name="Relation_5" directorySegmentName="seg_0" id="8BDC62B7-35F2-7B8C-9544-D27E863DD792">
<createdBy>logonrmlocal</createdBy>
<createdTime>2022-04-01 14:18:13 UTC</createdTime>
<ownerDesignName>BD FEITO EM AULA</ownerDesignName>
<engineerTo>
<item key="82E69D62-8A45-0812-8916-E23343B92A73" value="true"/>
</engineerTo>
<sourcePk>6825CDEE-F3DB-BB76-801F-1D1BC5122656</sourcePk>
<identifying>false</identifying>
<optionalSource>true</optionalSource>
<optionalTarget>false</optionalTarget>
<sourceCardinality>1</sourceCardinality>
<sourceEntity>F1978B03-8730-24C2-50B9-FE1454CCFDD4</sourceEntity>
<targetCardinalityString>*</targetCardinalityString>
<targetEntity>7CBFCF44-E622-5726-C81A-33BF4CDE1AB1</targetEntity>
<transferable>true</transferable>
<deleteRule>NO ACTION</deleteRule>
</Relation>