<?xml version = '1.0' encoding = 'UTF-8'?>
<Relation class="oracle.dbtools.crest.model.design.logical.Relation" name="Relation_6" directorySegmentName="seg_0" id="E516A807-9844-3A6B-1C40-988DB701B6CC">
<createdBy>logonrmlocal</createdBy>
<createdTime>2022-04-01 14:18:45 UTC</createdTime>
<ownerDesignName>BD FEITO EM AULA</ownerDesignName>
<engineerTo>
<item key="82E69D62-8A45-0812-8916-E23343B92A73" value="true"/>
</engineerTo>
<targetPk>1E9DF860-3047-744B-EB42-68949A1D5B9A</targetPk>
<identifying>false</identifying>
<optionalSource>false</optionalSource>
<optionalTarget>true</optionalTarget>
<sourceCardinality>*</sourceCardinality>
<sourceEntity>7CBFCF44-E622-5726-C81A-33BF4CDE1AB1</sourceEntity>
<targetCardinalityString>1</targetCardinalityString>
<targetEntity>6233E293-AB28-2E9D-DC95-3301A9880FBA</targetEntity>
<transferable>true</transferable>
<deleteRule>NO ACTION</deleteRule>
</Relation>