<?xml version = '1.0' encoding = 'UTF-8'?>
<Relation class="oracle.dbtools.crest.model.design.logical.Relation" name="Relation_3" directorySegmentName="seg_0" id="EDD3838B-8721-73D5-162A-B5ABB8F9B1D3">
<createdBy>logonrmlocal</createdBy>
<createdTime>2022-04-01 14:14:05 UTC</createdTime>
<ownerDesignName>BD FEITO EM AULA</ownerDesignName>
<engineerTo>
<item key="82E69D62-8A45-0812-8916-E23343B92A73" value="true"/>
</engineerTo>
<identifying>false</identifying>
<optionalSource>false</optionalSource>
<optionalTarget>true</optionalTarget>
<sourceCardinality>*</sourceCardinality>
<sourceEntity>5C1CBDDD-1AC5-DD5C-18E9-A2B612686CDC</sourceEntity>
<targetCardinalityString>*</targetCardinalityString>
<targetEntity>363AEC27-949D-7E97-0472-FC7F7309D68C</targetEntity>
<transferable>true</transferable>
<deleteRule>NO ACTION</deleteRule>
</Relation>