<?xml version = '1.0' encoding = 'UTF-8'?>
<Relation class="oracle.dbtools.crest.model.design.logical.Relation" name="Relation_4" directorySegmentName="seg_0" id="FDEDA359-D0D6-BEFC-A002-81C24A9DD2E6">
<createdBy>logonrmlocal</createdBy>
<createdTime>2022-04-01 14:15:11 UTC</createdTime>
<ownerDesignName>BD FEITO EM AULA</ownerDesignName>
<engineerTo>
<item key="82E69D62-8A45-0812-8916-E23343B92A73" value="true"/>
</engineerTo>
<identifying>false</identifying>
<optionalSource>false</optionalSource>
<optionalTarget>true</optionalTarget>
<sourceCardinality>*</sourceCardinality>
<sourceEntity>6233E293-AB28-2E9D-DC95-3301A9880FBA</sourceEntity>
<targetCardinalityString>*</targetCardinalityString>
<targetEntity>73AD2B11-DED2-ABED-301F-AA20DD29FE8E</targetEntity>
<transferable>true</transferable>
<deleteRule>NO ACTION</deleteRule>
</Relation>