<?xml version = '1.0' encoding = 'UTF-8'?>
<Entity class="oracle.dbtools.crest.model.design.logical.Entity" directorySegmentName="seg_0" id="363AEC27-949D-7E97-0472-FC7F7309D68C" name="CERTIFICACOES">
<createdBy>logonrmlocal</createdBy>
<createdTime>2022-04-01 14:01:06 UTC</createdTime>
<ownerDesignName>BD FEITO EM AULA</ownerDesignName>
<engineerTo>
<item key="82E69D62-8A45-0812-8916-E23343B92A73" value="true"/>
</engineerTo>
<adequatelyNormalized>NO</adequatelyNormalized>
<expectedVolumes>0</expectedVolumes>
<fwdEngineeringStrategyName>Single Table</fwdEngineeringStrategyName>
<growthPercent>0</growthPercent>
<growthType>Year</growthType>
<maxVolumes>9999999</maxVolumes>
<minVolumes>0</minVolumes>
<normalForm>Third</normalForm>
<attributes itemClass="oracle.dbtools.crest.model.design.logical.Attribute">
<Attribute name="cod_certificacao" id="6A917783-CD56-7F02-3045-5590014360CD">
<createdBy>logonrmlocal</createdBy>
<createdTime>2022-04-01 14:01:18 UTC</createdTime>
<ownerDesignName>BD FEITO EM AULA</ownerDesignName>
<engineerTo>
<item key="82E69D62-8A45-0812-8916-E23343B92A73" value="true"/>
</engineerTo>
<use>0</use>
<ownDataTypeParameters>,,</ownDataTypeParameters>
</Attribute>
<Attribute name="nome" id="AD762048-49EC-0B95-1121-CC822F8415C0">
<createdBy>logonrmlocal</createdBy>
<createdTime>2022-04-01 14:01:30 UTC</createdTime>
<ownerDesignName>BD FEITO EM AULA</ownerDesignName>
<engineerTo>
<item key="82E69D62-8A45-0812-8916-E23343B92A73" value="true"/>
</engineerTo>
<use>0</use>
<ownDataTypeParameters>,,</ownDataTypeParameters>
</Attribute>
</attributes>
<identifiers itemClass="oracle.dbtools.crest.model.design.logical.CandidateKey">
<identifier id="A03E0456-D08B-0BB6-D675-FA8D6D7EDF14" name="CERTIFICACOES PK">
<createdBy>logonrmlocal</createdBy>
<createdTime>2022-04-01 14:01:28 UTC</createdTime>
<ownerDesignName>BD FEITO EM AULA</ownerDesignName>
<engineerTo>
<item key="82E69D62-8A45-0812-8916-E23343B92A73" value="true"/>
</engineerTo>
<pk>true</pk>
<usedAttributes>
<attributeRef>6A917783-CD56-7F02-3045-5590014360CD</attributeRef>
</usedAttributes>
</identifier>
</identifiers>
</Entity>