<?xml version = '1.0' encoding = 'UTF-8'?>
<Entity class="oracle.dbtools.crest.model.design.logical.Entity" directorySegmentName="seg_0" id="5C1CBDDD-1AC5-DD5C-18E9-A2B612686CDC" name="INSTRUTORES">
<createdBy>logonrmlocal</createdBy>
<createdTime>2022-04-01 13:37:22 UTC</createdTime>
<ownerDesignName>BD FEITO EM AULA</ownerDesignName>
<engineerTo>
<item key="82E69D62-8A45-0812-8916-E23343B92A73" value="true"/>
</engineerTo>
<adequatelyNormalized>NO</adequatelyNormalized>
<expectedVolumes>0</expectedVolumes>
<fwdEngineeringStrategyName>Single Table</fwdEngineeringStrategyName>
<growthPercent>0</growthPercent>
<growthType>Year</growthType>
<maxVolumes>9999999</maxVolumes>
<minVolumes>0</minVolumes>
<normalForm>Third</normalForm>
<attributes itemClass="oracle.dbtools.crest.model.design.logical.Attribute">
<Attribute name="cod_instrutor" id="896D6304-EEAA-75A6-A22B-2715F9F4E489">
<createdBy>logonrmlocal</createdBy>
<createdTime>2022-04-01 13:37:22 UTC</createdTime>
<ownerDesignName>BD FEITO EM AULA</ownerDesignName>
<engineerTo>
<item key="82E69D62-8A45-0812-8916-E23343B92A73" value="true"/>
</engineerTo>
<use>0</use>
<ownDataTypeParameters>,,</ownDataTypeParameters>
</Attribute>
<Attribute name="nome" id="7119CD71-F4C5-7E4D-889E-33B8ABD83443">
<createdBy>logonrmlocal</createdBy>
<createdTime>2022-04-01 13:37:22 UTC</createdTime>
<ownerDesignName>BD FEITO EM AULA</ownerDesignName>
<engineerTo>
<item key="82E69D62-8A45-0812-8916-E23343B92A73" value="true"/>
</engineerTo>
<use>0</use>
<ownDataTypeParameters>,,</ownDataTypeParameters>
</Attribute>
<Attribute name="sobrenome" id="BB1DD66A-FE0C-64FD-E851-6C57AD91CB09">
<createdBy>logonrmlocal</createdBy>
<createdTime>2022-04-01 13:37:22 UTC</createdTime>
<ownerDesignName>BD FEITO EM AULA</ownerDesignName>
<engineerTo>
<item key="82E69D62-8A45-0812-8916-E23343B92A73" value="true"/>
</engineerTo>
<use>0</use>
<ownDataTypeParameters>,,</ownDataTypeParameters>
</Attribute>
<Attribute name="endereço" id="FA555CA0-7B46-9CF5-9848-C7845A8DF52B">
<createdBy>logonrmlocal</createdBy>
<createdTime>2022-04-01 13:37:22 UTC</createdTime>
<ownerDesignName>BD FEITO EM AULA</ownerDesignName>
<engineerTo>
<item key="82E69D62-8A45-0812-8916-E23343B92A73" value="true"/>
</engineerTo>
<use>0</use>
<ownDataTypeParameters>,,</ownDataTypeParameters>
</Attribute>
<Attribute name="telefone" id="CC4CEB1A-FF90-E176-64BF-AF0C05776CD1">
<createdBy>logonrmlocal</createdBy>
<createdTime>2022-04-01 13:37:22 UTC</createdTime>
<ownerDesignName>BD FEITO EM AULA</ownerDesignName>
<engineerTo>
<item key="82E69D62-8A45-0812-8916-E23343B92A73" value="true"/>
</engineerTo>
<use>0</use>
<ownDataTypeParameters>,,</ownDataTypeParameters>
</Attribute>
</attributes>
<identifiers itemClass="oracle.dbtools.crest.model.design.logical.CandidateKey">
<identifier id="A1DEF480-2FBD-3BD9-E33C-6F4DF7FD9C14" name="INSTRUTORES PK">
<createdBy>logonrmlocal</createdBy>
<createdTime>2022-04-01 13:37:58 UTC</createdTime>
<ownerDesignName>BD FEITO EM AULA</ownerDesignName>
<engineerTo>
<item key="82E69D62-8A45-0812-8916-E23343B92A73" value="true"/>
</engineerTo>
<pk>true</pk>
<usedAttributes>
<attributeRef>896D6304-EEAA-75A6-A22B-2715F9F4E489</attributeRef>
</usedAttributes>
</identifier>
</identifiers>
</Entity>