<?xml version = '1.0' encoding = 'UTF-8'?>
<Entity class="oracle.dbtools.crest.model.design.logical.Entity" directorySegmentName="seg_0" id="6233E293-AB28-2E9D-DC95-3301A9880FBA" name="CURSOS">
<createdBy>logonrmlocal</createdBy>
<createdTime>2022-04-01 13:38:23 UTC</createdTime>
<ownerDesignName>BD FEITO EM AULA</ownerDesignName>
<engineerTo>
<item key="82E69D62-8A45-0812-8916-E23343B92A73" value="true"/>
</engineerTo>
<adequatelyNormalized>NO</adequatelyNormalized>
<expectedVolumes>0</expectedVolumes>
<fwdEngineeringStrategyName>Single Table</fwdEngineeringStrategyName>
<growthPercent>0</growthPercent>
<growthType>Year</growthType>
<maxVolumes>9999999</maxVolumes>
<minVolumes>0</minVolumes>
<normalForm>Third</normalForm>
<attributes itemClass="oracle.dbtools.crest.model.design.logical.Attribute">
<Attribute name="cod_curso" id="9A96025D-3C0C-20C1-BCB5-57DFDB4F92EB">
<createdBy>logonrmlocal</createdBy>
<createdTime>2022-04-01 13:38:32 UTC</createdTime>
<ownerDesignName>BD FEITO EM AULA</ownerDesignName>
<engineerTo>
<item key="82E69D62-8A45-0812-8916-E23343B92A73" value="true"/>
</engineerTo>
<use>0</use>
<ownDataTypeParameters>,,</ownDataTypeParameters>
</Attribute>
<Attribute name="nome" id="09E04EB8-D20C-B60E-B0E1-37BD3FEF5FA0">
<createdBy>logonrmlocal</createdBy>
<createdTime>2022-04-01 13:38:46 UTC</createdTime>
<ownerDesignName>BD FEITO EM AULA</ownerDesignName>
<engineerTo>
<item key="82E69D62-8A45-0812-8916-E23343B92A73" value="true"/>
</engineerTo>
<use>0</use>
<ownDataTypeParameters>,,</ownDataTypeParameters>
</Attribute>
<Attribute name="preco" id="3D31AC6A-BDC9-C955-F0B9-09261F8A4374">
<createdBy>logonrmlocal</createdBy>
<createdTime>2022-04-01 13:38:50 UTC</createdTime>
<ownerDesignName>BD FEITO EM AULA</ownerDesignName>
<engineerTo>
<item key="82E69D62-8A45-0812-8916-E23343B92A73" value="true"/>
</engineerTo>
<use>0</use>
<ownDataTypeParameters>,,</ownDataTypeParameters>
</Attribute>
</attributes>
<identifiers itemClass="oracle.dbtools.crest.model.design.logical.CandidateKey">
<identifier id="1E9DF860-3047-744B-EB42-68949A1D5B9A" name="CURSOS PK">
<createdBy>logonrmlocal</createdBy>
<createdTime>2022-04-01 13:38:35 UTC</createdTime>
<ownerDesignName>BD FEITO EM AULA</ownerDesignName>
<engineerTo>
<item key="82E69D62-8A45-0812-8916-E23343B92A73" value="true"/>
</engineerTo>
<pk>true</pk>
<usedAttributes>
<attributeRef>9A96025D-3C0C-20C1-BCB5-57DFDB4F92EB</attributeRef>
</usedAttributes>
</identifier>
</identifiers>
</Entity>