<?xml version = '1.0' encoding = 'UTF-8'?>
<Entity class="oracle.dbtools.crest.model.design.logical.Entity" directorySegmentName="seg_0" id="73AD2B11-DED2-ABED-301F-AA20DD29FE8E" name="DURACOES">
<createdBy>logonrmlocal</createdBy>
<createdTime>2022-04-01 14:02:06 UTC</createdTime>
<ownerDesignName>BD FEITO EM AULA</ownerDesignName>
<engineerTo>
<item key="82E69D62-8A45-0812-8916-E23343B92A73" value="true"/>
</engineerTo>
<adequatelyNormalized>NO</adequatelyNormalized>
<expectedVolumes>0</expectedVolumes>
<fwdEngineeringStrategyName>Single Table</fwdEngineeringStrategyName>
<growthPercent>0</growthPercent>
<growthType>Year</growthType>
<maxVolumes>9999999</maxVolumes>
<minVolumes>0</minVolumes>
<normalForm>Third</normalForm>
<attributes itemClass="oracle.dbtools.crest.model.design.logical.Attribute">
<Attribute name="cod_duracao" id="47D708E2-9CED-CEC5-3ED7-42CAA5EAC296">
<createdBy>logonrmlocal</createdBy>
<createdTime>2022-04-01 14:02:18 UTC</createdTime>
<ownerDesignName>BD FEITO EM AULA</ownerDesignName>
<engineerTo>
<item key="82E69D62-8A45-0812-8916-E23343B92A73" value="true"/>
</engineerTo>
<use>0</use>
<ownDataTypeParameters>,,</ownDataTypeParameters>
</Attribute>
<Attribute name="descrocao" id="857EC900-4DD5-9408-8E92-4D74C4B9535C">
<createdBy>logonrmlocal</createdBy>
<createdTime>2022-04-01 14:03:05 UTC</createdTime>
<ownerDesignName>BD FEITO EM AULA</ownerDesignName>
<engineerTo>
<item key="82E69D62-8A45-0812-8916-E23343B92A73" value="true"/>
</engineerTo>
<use>0</use>
<ownDataTypeParameters>,,</ownDataTypeParameters>
</Attribute>
</attributes>
<identifiers itemClass="oracle.dbtools.crest.model.design.logical.CandidateKey">
<identifier id="3371C338-1351-2B90-95BD-0979BB6F45F5" name="DURACOES PK">
<createdBy>logonrmlocal</createdBy>
<createdTime>2022-04-01 14:03:03 UTC</createdTime>
<ownerDesignName>BD FEITO EM AULA</ownerDesignName>
<engineerTo>
<item key="82E69D62-8A45-0812-8916-E23343B92A73" value="true"/>
</engineerTo>
<pk>true</pk>
<usedAttributes>
<attributeRef>47D708E2-9CED-CEC5-3ED7-42CAA5EAC296</attributeRef>
</usedAttributes>
</identifier>
</identifiers>
</Entity>