<?xml version = '1.0' encoding = 'UTF-8'?>
<Entity class="oracle.dbtools.crest.model.design.logical.Entity" directorySegmentName="seg_0" id="7CBFCF44-E622-5726-C81A-33BF4CDE1AB1" name="MATRICULAS">
<createdBy>logonrmlocal</createdBy>
<createdTime>2022-04-01 14:17:16 UTC</createdTime>
<ownerDesignName>BD FEITO EM AULA</ownerDesignName>
<engineerTo>
<item key="82E69D62-8A45-0812-8916-E23343B92A73" value="true"/>
</engineerTo>
<adequatelyNormalized>NO</adequatelyNormalized>
<expectedVolumes>0</expectedVolumes>
<fwdEngineeringStrategyName>Single Table</fwdEngineeringStrategyName>
<growthPercent>0</growthPercent>
<growthType>Year</growthType>
<maxVolumes>9999999</maxVolumes>
<minVolumes>0</minVolumes>
<normalForm>Third</normalForm>
<attributes itemClass="oracle.dbtools.crest.model.design.logical.Attribute">
<Attribute name="cod_aluno" id="C39E80E8-FD82-9FE6-EEE1-2BF9742ECC73">
<createdBy>logonrmlocal</createdBy>
<createdTime>2022-04-01 14:18:38 UTC</createdTime>
<generatorID>8BDC62B7-35F2-7B8C-9544-D27E863DD792</generatorID>
<ownerDesignName>BD FEITO EM AULA</ownerDesignName>
<engineerTo>
<item key="82E69D62-8A45-0812-8916-E23343B92A73" value="true"/>
</engineerTo>
<referedAttribute>65F8613A-818E-C88B-EB66-8C52101B955D</referedAttribute>
<use>0</use>
<ownDataTypeParameters>,,</ownDataTypeParameters>
</Attribute>
<Attribute name="cod_curso" id="C25F235A-AB4B-C60D-EC2C-227FE413E7F9">
<createdBy>logonrmlocal</createdBy>
<createdTime>2022-04-01 14:19:07 UTC</createdTime>
<generatorID>E516A807-9844-3A6B-1C40-988DB701B6CC</generatorID>
<ownerDesignName>BD FEITO EM AULA</ownerDesignName>
<engineerTo>
<item key="82E69D62-8A45-0812-8916-E23343B92A73" value="true"/>
</engineerTo>
<referedAttribute>9A96025D-3C0C-20C1-BCB5-57DFDB4F92EB</referedAttribute>
<use>0</use>
<ownDataTypeParameters>,,</ownDataTypeParameters>
</Attribute>
</attributes>
</Entity>