<?xml version = '1.0' encoding = 'UTF-8'?>
<Entity class="oracle.dbtools.crest.model.design.logical.Entity" directorySegmentName="seg_0" id="F1978B03-8730-24C2-50B9-FE1454CCFDD4" name="ALUNOS">
<createdBy>logonrmlocal</createdBy>
<createdTime>2022-04-01 13:36:27 UTC</createdTime>
<ownerDesignName>BD FEITO EM AULA</ownerDesignName>
<engineerTo>
<item key="82E69D62-8A45-0812-8916-E23343B92A73" value="true"/>
</engineerTo>
<adequatelyNormalized>NO</adequatelyNormalized>
<expectedVolumes>0</expectedVolumes>
<fwdEngineeringStrategyName>Single Table</fwdEngineeringStrategyName>
<growthPercent>0</growthPercent>
<growthType>Year</growthType>
<maxVolumes>9999999</maxVolumes>
<minVolumes>0</minVolumes>
<normalForm>Third</normalForm>
<attributes itemClass="oracle.dbtools.crest.model.design.logical.Attribute">
<Attribute name="cod_aluno" id="65F8613A-818E-C88B-EB66-8C52101B955D">
<createdBy>logonrmlocal</createdBy>
<createdTime>2022-04-01 13:36:32 UTC</createdTime>
<ownerDesignName>BD FEITO EM AULA</ownerDesignName>
<engineerTo>
<item key="82E69D62-8A45-0812-8916-E23343B92A73" value="true"/>
</engineerTo>
<use>0</use>
<ownDataTypeParameters>,,</ownDataTypeParameters>
</Attribute>
<Attribute name="nome" id="08C3A220-8471-A778-2E08-2DD91BF4FDCB">
<createdBy>logonrmlocal</createdBy>
<createdTime>2022-04-01 13:36:41 UTC</createdTime>
<ownerDesignName>BD FEITO EM AULA</ownerDesignName>
<engineerTo>
<item key="82E69D62-8A45-0812-8916-E23343B92A73" value="true"/>
</engineerTo>
<use>0</use>
<ownDataTypeParameters>,,</ownDataTypeParameters>
</Attribute>
<Attribute name="sobrenome" id="A7949B13-136A-79D3-A14C-7C5905A53D93">
<createdBy>logonrmlocal</createdBy>
<createdTime>2022-04-01 13:36:45 UTC</createdTime>
<ownerDesignName>BD FEITO EM AULA</ownerDesignName>
<engineerTo>
<item key="82E69D62-8A45-0812-8916-E23343B92A73" value="true"/>
</engineerTo>
<use>0</use>
<ownDataTypeParameters>,,</ownDataTypeParameters>
</Attribute>
<Attribute name="endereço" id="6C88CE42-6020-1E2D-65A2-6D6274420A7D">
<createdBy>logonrmlocal</createdBy>
<createdTime>2022-04-01 13:36:52 UTC</createdTime>
<ownerDesignName>BD FEITO EM AULA</ownerDesignName>
<engineerTo>
<item key="82E69D62-8A45-0812-8916-E23343B92A73" value="true"/>
</engineerTo>
<use>0</use>
<ownDataTypeParameters>,,</ownDataTypeParameters>
</Attribute>
<Attribute name="telefone" id="343AE884-2B68-3B7B-719E-FDBB54576CC3">
<createdBy>logonrmlocal</createdBy>
<createdTime>2022-04-01 13:36:57 UTC</createdTime>
<ownerDesignName>BD FEITO EM AULA</ownerDesignName>
<engineerTo>
<item key="82E69D62-8A45-0812-8916-E23343B92A73" value="true"/>
</engineerTo>
<use>0</use>
<ownDataTypeParameters>,,</ownDataTypeParameters>
</Attribute>
</attributes>
<identifiers itemClass="oracle.dbtools.crest.model.design.logical.CandidateKey">
<identifier id="6825CDEE-F3DB-BB76-801F-1D1BC5122656" name="Alunos PK">
<createdBy>logonrmlocal</createdBy>
<createdTime>2022-04-01 13:38:09 UTC</createdTime>
<ownerDesignName>BD FEITO EM AULA</ownerDesignName>
<engineerTo>
<item key="82E69D62-8A45-0812-8916-E23343B92A73" value="true"/>
</engineerTo>
<pk>true</pk>
<usedAttributes>
<attributeRef>65F8613A-818E-C88B-EB66-8C52101B955D</attributeRef>
</usedAttributes>
</identifier>
</identifiers>
</Entity>