<?xml version = '1.0' encoding = 'UTF-8'?>
<relationalModel class="oracle.dbtools.crest.model.design.relational.RelationalDesign" name="Relational_1" id="82E69D62-8A45-0812-8916-E23343B92A73" mainViewID="313F1D84-F703-1793-9B25-E6A5A270D41B">
<createdBy>logonrmlocal</createdBy>
<createdTime>2022-04-01 13:36:13 UTC</createdTime>
<ownerDesignName>BD FEITO EM AULA</ownerDesignName>
<shouldBeOpen>false</shouldBeOpen>
<selectedRDBMSSite>32076570-2523-435C-2E92-BF29817DFF70</selectedRDBMSSite>
</relationalModel>